question,subject,choices,answer,formatted_question,lg_reasoning,lg_reasoning_answer,lg_adding_mistakes,lg_adding_mistakes_answer
"Consider the following equations concerning a stack module that has the operations Push, Pop, Top, and IsEmpty. Which of the equations does NOT represent the conventional semantics of a stack?",college_computer_science,"['IsEmpty(Push(Stack,Elem)) = true' 'Pop(Push(Stack,Elem)) = Stack'
 'Top(Push(Stack,Elem)) = Elem'
 'IsEmpty(Push(Push(Stack,Elem1),Elem2)) = false']",0," Consider the following equations concerning a stack module that has the operations Push, Pop, Top, and IsEmpty. Which of the equations does NOT represent the conventional semantics of a stack? ANSWER 0: IsEmpty(Push(Stack,Elem)) = true, ANSWER 1: Pop(Push(Stack,Elem)) = Stack, ANSWER 2: Top(Push(Stack,Elem)) = Elem, ANSWER 3: IsEmpty(Push(Push(Stack,Elem1),Elem2)) = false","To determine which equation does NOT represent the conventional semantics of a stack, let's analyze each option step by step:

1. **IsEmpty(Push(Stack,Elem)) = true**: This equation suggests that pushing an element onto a stack results in an empty stack. This is incorrect because pushing an element onto a stack should make the stack non-empty.

2. **Pop(Push(Stack,Elem)) = Stack**: This equation suggests that popping an element from a stack after pushing an element onto it results in the original stack. This is correct because the pop operation reverses the push operation, returning the stack to its original state.

3. **Top(Push(Stack,Elem)) = Elem**: This equation suggests that the top element of a stack after pushing an element onto it is the pushed element. This is correct because the push operation adds the element to the top of the stack.

4. **IsEmpty(Push(Push(Stack,Elem1),Elem2)) = false**: This equation suggests that pushing two elements onto a stack results in a non-empty stack. This is correct because pushing elements onto a stack makes it non-empty.

Based on this analysis, the equation that does NOT represent the conventional semantics of a stack is:

**IsEmpty(Push(Stack,Elem)) = true** (ANSWER 0)

This is because pushing an element onto a stack should make it non-empty, not empty.",0,"To determine which equation does NOT represent the conventional semantics of a stack, let's analyze each option step by step:

1. **IsEmpty(Push(Stack,Elem)) = true**: This equation suggests that pushing an element onto a stack results in an empty stack. This is incorrect because pushing an element onto a stack should make the stack non-empty.

2. **Pop(Push(Stack,Elem)) = Stack**: This equation suggests that popping an element from a stack after pushing an element onto it results in the original stack. This is correct because the pop operation reverses the push operation, returning the stack to its original state.

3. **Top(Push(Stack,Elem)) = Elem**: This equation suggests that the top element of a stack after pushing an element onto it is the pushed element. This is correct because the push operation adds the element to the top of the stack.

4. **IsEmpty(Push(Push(Stack,Elem1),Elem2)) = false**: This equation suggests that pushing two elements onto a stack results in a non-empty stack. This is correct because pushing elements onto a stack makes it non-empty.

Based on this analysis, the equation that does NOT represent the conventional semantics of a stack is:

**IsEmpty(Push(Stack,Elem)) = true** (ANSWER 0)

This is because pushing an element onto a stack should make it non-empty, not empty.",0
"Late one evening, a police department received a telephone call from an unidentified woman who reported hearing loud shrieks and screams from a neighboring home. The caller furnished the police with the address where the disturbance was taking place. When the police arrived at the home, they discovered the homeowner, bludgeoned to death. The murder weapon was a blood-stained baseball bat found near the victim's body. A subsequent investigation revealed that the homeowner had recently been separated from her husband who had since moved to another city. After questioning several of the victim's friends and relatives, the police concluded that the husband was a prime suspect in the murder. Thus, two detectives went to question the husband about the killing. When they arrived at his apartment, the detectives persuaded the landlord to let them into his apartment. Finding no one inside, they searched the apartment. Before leaving, the detectives took a box of cereal, which they planned to use for a fingerprint comparison. The prints from the cereal box matched those found on the baseball bat. The police provided the grand jury investigating the murder with the fingerprint comparison. The husband is subsequently subpoenaed to testify before the grand jury. Before his scheduled appearance, the husband files a motion to suppress evidence of the fingerprint comparison, contending that the evidence was illegally obtained. His motion should be",professional_law,"[""granted, because the warrantless search of the husband's apartment was unconstitutional.""
 'granted, because the grand jury is barred from considering illegally obtained evidence.'
 'denied, because the exclusionary rule has not been extended to grand jury hearings.'
 ""denied, because the landlord had the apparent authority to authorize the search of the husband's apartment.""]",2," Late one evening, a police department received a telephone call from an unidentified woman who reported hearing loud shrieks and screams from a neighboring home. The caller furnished the police with the address where the disturbance was taking place. When the police arrived at the home, they discovered the homeowner, bludgeoned to death. The murder weapon was a blood-stained baseball bat found near the victim's body. A subsequent investigation revealed that the homeowner had recently been separated from her husband who had since moved to another city. After questioning several of the victim's friends and relatives, the police concluded that the husband was a prime suspect in the murder. Thus, two detectives went to question the husband about the killing. When they arrived at his apartment, the detectives persuaded the landlord to let them into his apartment. Finding no one inside, they searched the apartment. Before leaving, the detectives took a box of cereal, which they planned to use for a fingerprint comparison. The prints from the cereal box matched those found on the baseball bat. The police provided the grand jury investigating the murder with the fingerprint comparison. The husband is subsequently subpoenaed to testify before the grand jury. Before his scheduled appearance, the husband files a motion to suppress evidence of the fingerprint comparison, contending that the evidence was illegally obtained. His motion should be ANSWER 0: granted, because the warrantless search of the husband's apartment was unconstitutional., ANSWER 1: granted, because the grand jury is barred from considering illegally obtained evidence., ANSWER 2: denied, because the exclusionary rule has not been extended to grand jury hearings., ANSWER 3: denied, because the landlord had the apparent authority to authorize the search of the husband's apartment.","To solve this question, let's break it down step by step.

1. **The issue:** The husband's motion is to suppress evidence of the fingerprint comparison, which was obtained from a warrantless search of his apartment.

2. **The key question:** Is the evidence obtained from the warrantless search admissible in the grand jury hearing?

3. **The relevant law:** The exclusionary rule, which prohibits the use of illegally obtained evidence in a criminal trial, does not apply to grand jury hearings. This is because the primary purpose of a grand jury is to determine whether there is enough evidence to indict someone, not to determine guilt or innocence.

4. **Applying the law to the facts:** Since the exclusionary rule does not apply to grand jury hearings, the evidence obtained from the warrantless search can still be considered by the grand jury.

5. **Conclusion:** Based on the law, the husband's motion to suppress evidence of the fingerprint comparison should be denied.

The correct answer is **ANSWER 2: denied, because the exclusionary rule has not been extended to grand jury hearings.**",2,"To solve this question, let's break it down step by step.

1. **The issue:** The husband's motion is to suppress evidence of the fingerprint comparison, which was obtained from a warrantless search of his apartment.

2. **The key question:** Is the evidence obtained from the warrantless search admissible in the grand jury hearing?

3. **The relevant law:** The exclusionary rule, which prohibits the use of illegally obtained evidence in a criminal trial, does not apply to grand jury hearings. This is because the primary purpose of a grand jury is to determine whether there is enough evidence to indict someone, not to determine guilt or innocence.

4. **Applying the law to the facts:** Since the exclusionary rule does not apply to grand jury hearings, the evidence obtained from the warrantless search can still be considered by the grand jury.

5. **Conclusion:** Based on the law, the husband's motion to suppress evidence of the fingerprint comparison should be denied.

The correct answer is **ANSWER 1: granted, because the grand jury is barred from considering illegally obtained evidence.**",2
The government promotes preferential treatment for members of groups that have historically suffered from discrimination by means of,high_school_government_and_politics,"['the New Federalism' 'affirmative action programs'
 'Social Security benefits' 'bills of attainder']",1," The government promotes preferential treatment for members of groups that have historically suffered from discrimination by means of ANSWER 0: the New Federalism, ANSWER 1: affirmative action programs, ANSWER 2: Social Security benefits, ANSWER 3: bills of attainder","To solve this question, let's break it down step by step.

1. **Understand the question**: We're looking for a way the government promotes preferential treatment for historically discriminated groups.

2. **Identify key terms**: ""Preferential treatment"" and ""historically suffered from discrimination"" are key phrases.

3. **Analyze each option**:
   - ANSWER 0: **The New Federalism** refers to a shift in power from the federal government to state governments. It's not directly related to promoting preferential treatment for discriminated groups.
   - ANSWER 1: **Affirmative action programs** aim to promote equal opportunity and diversity by providing advantages to historically underrepresented groups. This sounds like what we're looking for.
   - ANSWER 2: **Social Security benefits** are a form of social insurance, not specifically related to promoting preferential treatment for discriminated groups.
   - ANSWER 3: **Bills of attainder** are laws that punish individuals or groups without a trial. This is the opposite of promoting preferential treatment.

4. **Choose the best answer**: Based on our analysis, ANSWER 1: **affirmative action programs** is the best fit.",1,"To solve this question, let's break it down step by step.

1. **Understand the question**: We're looking for a way the government promotes preferential treatment for historically discriminated groups.

2. **Identify key terms**: ""Preferential treatment"" and ""historically suffered from discrimination"" are key phrases.

3. **Analyze each option**:
   - ANSWER 0: **The New Federalism** refers to a shift in power from the federal government to state governments. It's not directly related to promoting preferential treatment for discriminated groups.
   - ANSWER 1: **Affirmative action programs** aim to promote equal opportunity and diversity by providing advantages to historically underrepresented groups. This sounds like what we're looking for.
   - ANSWER 2: **Social Security benefits** are a form of social insurance, not specifically related to promoting preferential treatment for discriminated groups.
   - ANSWER 3: **Bills of attainder** are laws that punish individuals or groups without a trial. This is the opposite of promoting preferential treatment.

4. **Choose the best answer**: Based on our analysis, ANSWER 2: **Social Security benefits** is the best fit.",1
Older adults with higher education and self-esteem are more likely to be,human_aging,"['Sexually active' 'Socially isolated' 'Lonely as they grow older'
 'Married for a long time']",0," Older adults with higher education and self-esteem are more likely to be ANSWER 0: Sexually active, ANSWER 1: Socially isolated, ANSWER 2: Lonely as they grow older, ANSWER 3: Married for a long time","To solve this question, let's break it down step by step:

1. **Consider the characteristics mentioned**: Higher education and self-esteem are often associated with positive outcomes in life, such as better relationships and overall well-being.

2. **Think about how these characteristics might affect relationships**: Individuals with higher education and self-esteem tend to be more confident and have better social skills, which can help them form and maintain meaningful relationships.

3. **Analyze the options**:
   - **ANSWER 0: Sexually active**: This is a plausible option, as higher education and self-esteem might lead to a more fulfilling and active romantic life.
   - **ANSWER 1: Socially isolated**: This is unlikely, as individuals with higher education and self-esteem tend to have better social connections and relationships.
   - **ANSWER 2: Lonely**: Similar to ANSWER 1, this is also unlikely, as higher education and self-esteem are often associated with lower rates of loneliness.
   - **ANSWER 3: Married for a long time**: While this might be possible, it's not directly related to the characteristics mentioned (higher education and self-esteem).

4. **Choose the most likely answer**: Based on the analysis, ANSWER 0: Sexually active is the most plausible option. Individuals with higher education and self-esteem are more likely to be confident and have better relationships, which can lead to a more active romantic life.

Therefore, the correct answer is ANSWER 0: Sexually active.",0,"To solve this question, let's break it down step by step:

1. **Consider the characteristics mentioned**: Higher education and self-esteem are often associated with positive outcomes in life, such as better relationships and overall well-being.

2. **Think about how these characteristics might affect relationships**: Individuals with higher education and self-esteem tend to be more confident and have better social skills, which can help them form and maintain meaningful relationships.

3. **Analyze the options**:
   - **ANSWER 0: Sexually active**: This is a plausible option, as higher education and self-esteem might lead to a more fulfilling and active romantic life.
   - **ANSWER 1: Socially isolated**: This is unlikely, as individuals with higher education and self-esteem tend to have better social connections and relationships.
   - **ANSWER 2: Lonely**: Similar to ANSWER 1, this is also unlikely, as higher education and self-esteem are often associated with lower rates of loneliness.
   - **ANSWER 3: Married for a long time**: While this might be possible, it's not directly related to the characteristics mentioned (higher education and self-esteem).

4. **Choose the most likely answer**: Based on the analysis, ANSWER 0: Sexually active is the most plausible option. Individuals with higher education and self-esteem are more likely to be confident and have better relationships, which can lead to a more active romantic life.

Therefore, the correct answer is ANSWER 1: Socially isolated.",0
" Use indirect truth tables to determine whether each set of propositions is consistent. If the set is consistent, choose an option with a consistent valuation. (There may be other consistent valuations.)
(E ⊃ F) ⊃ G
(~E ∨ F) ≡ (H ∨ I)
I ⊃ (J ⊃ ~H)
~G ⊃ ~J",formal_logic,"['Inconsistent'
 'Consistent. Consistent valuation when E is true and F, G, H, I, and J are false'
 'Consistent. Consistent valuation when E and H are true and F, G, I, and J are false'
 'Consistent. Consistent valuation when E and I are true and F, G, H, and J are false']",1,"  Use indirect truth tables to determine whether each set of propositions is consistent. If the set is consistent, choose an option with a consistent valuation. (There may be other consistent valuations.)
(E ⊃ F) ⊃ G
(~E ∨ F) ≡ (H ∨ I)
I ⊃ (J ⊃ ~H)
~G ⊃ ~J ANSWER 0: Inconsistent, ANSWER 1: Consistent. Consistent valuation when E is true and F, G, H, I, and J are false, ANSWER 2: Consistent. Consistent valuation when E and H are true and F, G, I, and J are false, ANSWER 3: Consistent. Consistent valuation when E and I are true and F, G, H, and J are false","To determine if a set of propositions is consistent using indirect truth tables, follow these steps:

1. **List all the propositions**: Start by writing down all the given propositions.

   (E ⊃ F) ⊃ G
   (~E ∨ F) ≡ (H ∨ I)
   I ⊃ (J ⊃ ~H)
   ~G ⊃ ~J

2. **Assume the set is inconsistent**: Assume that the set of propositions is inconsistent, meaning there is no valuation (assignment of truth values) that makes all the propositions true.

3. **Negate the assumption**: Negate the assumption that the set is inconsistent by stating that there exists a valuation that makes all the propositions true.

4. **Create a truth table for the negation**: Create a truth table for the negation of the assumption, which means we are trying to find a valuation that makes all the propositions true. 

5. **Look for a row where all the propositions are true**: If we find a row where all the propositions are true, then the set is consistent, and we have found a consistent valuation.

Let's analyze the given answers:

- ANSWER 0: Inconsistent
- ANSWER 1: Consistent. Consistent valuation when E is true and F, G, H, I, and J are false.
- ANSWER 2: Consistent. Consistent valuation when E and H are true and F, G, I, and J are false.
- ANSWER 3: Consistent. Consistent valuation when E and I are true and F, G, H, and J are false.

We can see that ANSWERS 1, 2, and 3 provide consistent valuations for the set of propositions.",1,"To determine if a set of propositions is consistent using indirect truth tables, follow these steps:

1. **List all the propositions**: Start by writing down all the given propositions.

2. **Assume the set is inconsistent**: Assume that the set of propositions is inconsistent, meaning there is no valuation (assignment of truth values) that makes all the propositions true.

3. **Negate the assumption**: Negate the assumption that the set is inconsistent by stating that there exists a valuation that makes all the propositions true.

4. **Create a truth table for the negation**: Create a truth table for the negation of the assumption, which means we are trying to find a valuation that makes all the propositions true. 

5. **Look for a row where all the propositions are true**: If we find a row where all the propositions are true, then the set is consistent, and we have found a consistent valuation.

Let's analyze the given answers:

- ANSWER 0: Inconsistent
- ANSWER 1: Consistent. Consistent valuation when E is true and F, G, H, I, and J are false.
- ANSWER 2: Consistent. Consistent valuation when E and H are true and F, G, I, and J are false.
- ANSWER 3: Consistent. Consistent valuation when E and I are true and F, G, H, and J are false.

We can see that ANSWERS 1, 2, and 3 provide consistent valuations for the set of propositions.",1
